category_name,total_review,avg_review,one_star_count,one_star_rate_pct
fashion_male_clothing,101,3.86,24,20.34
office_furniture,1133,3.62,267,17.60
fixed_telephony,200,3.82,39,16.05
construction_tools_safety,151,4.04,25,14.53
home_confort,352,4.01,50,12.95
unlabeled,1266,4.10,169,12.14
air_conditioning,233,4.13,31,11.31
furniture_decor,5743,4.08,823,11.00
bed_bath_table,8408,4.05,1089,10.80
computers_accessories,6004,4.10,763,10.77
costruction_tools_garden,178,4.20,22,10.14
audio,302,4.10,31,9.87
kitchen_dining_laundry_garden_furniture,228,4.12,25,9.62
furniture_living_room,375,4.07,43,9.43
signaling_and_security,129,4.17,17,9.14
telephony,3725,4.12,354,8.76
garden_tools,3166,4.21,342,8.73
home_construction,443,4.07,47,8.64
agro_industry_and_commerce,168,4.16,17,8.63
market_place,258,4.13,25,8.62
housewares,5329,4.20,535,8.43
christmas_supplies,112,4.21,11,8.40
art,178,4.17,15,8.33
construction_tools_construction,667,4.22,70,8.32
drinks,269,4.23,28,8.12
watches_gifts,5001,4.22,425,7.95
industry_commerce_and_business,211,4.21,19,7.79
electronics,2254,4.21,190,7.76
baby,2540,4.24,209,7.71
small_appliances,571,4.32,47,7.59
computers,163,4.33,14,7.57
auto,3473,4.25,278,7.36
perfumery,2856,4.35,226,7.29
sports_leisure,6904,4.30,562,7.19
pet_shop,1575,4.32,124,6.89
consoles_games,929,4.26,66,6.61
health_beauty,7841,4.34,561,6.51
home_appliances,683,4.32,48,6.51
toys,3500,4.35,239,6.43
cool_stuff,3303,4.32,212,6.14
fashion_bags_accessories,1691,4.31,114,6.10
construction_tools_lights,218,4.18,16,6.08
books_technical,229,4.49,14,5.96
food,394,4.39,25,5.69
fashion_shoes,219,4.40,13,5.39
stationery,2077,4.40,119,5.26
luggage_accessories,960,4.43,48,4.72
home_appliances_2,208,4.31,10,4.63
fashion_underwear_beach,101,4.35,5,4.55
musical_instruments,552,4.42,25,4.24
