category_name,total_orders,repeat_orders_count,one_time_orders_count,repeat_order_share_pct
home_appliances,747,131,616,17.54
fashion_bags_accessories,1820,218,1602,11.98
drinks,287,28,259,9.76
furniture_decor,6307,574,5733,9.10
bed_bath_table,9272,842,8430,9.08
furniture_living_room,414,37,377,8.94
air_conditioning,246,20,226,8.13
fashion_shoes,235,18,217,7.66
home_confort,392,30,362,7.65
sports_leisure,7530,575,6955,7.64
food_drink,221,15,206,6.79
home_construction,483,32,451,6.63
home_appliances_2,227,14,213,6.17
computers_accessories,6530,395,6135,6.05
pet_shop,1688,102,1586,6.04
housewares,5743,341,5402,5.94
food,441,26,415,5.90
unlabeled,1392,82,1310,5.89
health_beauty,8647,485,8162,5.61
perfumery,3086,172,2914,5.57
garden_tools,3448,184,3264,5.34
fixed_telephony,212,11,201,5.19
toys,3804,195,3609,5.13
construction_tools_construction,736,37,699,5.03
watches_gifts,5495,273,5222,4.97
construction_tools_lights,242,12,230,4.96
baby,2809,137,2672,4.88
market_place,274,13,261,4.74
kitchen_dining_laundry_garden_furniture,241,11,230,4.56
luggage_accessories,1019,46,973,4.51
telephony,4093,183,3910,4.47
auto,3810,165,3645,4.33
industry_commerce_and_business,232,10,222,4.31
audio,348,15,333,4.31
stationery,2264,97,2167,4.28
books_general_interest,496,21,475,4.23
small_appliances,609,25,584,4.11
office_furniture,1254,51,1203,4.07
musical_instruments,611,23,588,3.76
consoles_games,1018,37,981,3.63
cool_stuff,3559,125,3434,3.51
electronics,2517,83,2434,3.30
books_technical,256,5,251,1.95
