category_name,total_items_sold,total_price,total_freight_value,avg_price,avg_freight_value,avg_weight_kg,avg_vol_liters,freight_to_price_ratio_pct
christmas_supplies,150,8737.84,3190.91,58.25,21.27,1.93,15.84,36.52
signaling_and_security,197,21315.05,6477.54,108.2,32.88,3.92,31.26,30.39
electronics,2729,155043.93,45679.16,56.81,16.74,0.77,5.46,29.46
food_drink,269,14942.88,4394.89,55.55,16.34,1.13,6.27,29.41
furniture_living_room,495,67350.7,17694.37,136.06,35.75,8.1,42.52,26.27
kitchen_dining_laundry_garden_furniture,274,45531.98,11540.99,166.18,42.12,8.94,51.27,25.35
drinks,361,21529.84,5441.27,59.64,15.07,0.98,9.2,25.27
office_furniture,1668,268154.31,67057.05,160.76,40.2,11.34,73.35,25.01
food,499,28731.15,7063.53,57.58,14.16,0.65,4.57,24.58
furniture_decor,8160,711927.69,168402.23,87.25,20.64,2.64,19.42,23.65
housewares,6795,615628.69,142763.56,90.6,21.01,3.22,22.71,23.19
furniture_bedroom,103,19051.8,4327.42,184.97,42.01,10.17,47.76,22.71
books_technical,263,18702.23,4198.84,71.11,15.97,1.01,3.15,22.45
telephony,4430,309860.23,69342.39,69.95,15.65,0.26,1.77,22.38
luggage_accessories,1077,138701.63,30076.49,128.79,27.93,5.8,39.63,21.68
fashion_shoes,257,23001.46,4813.37,89.5,18.73,1.04,9.41,20.93
costruction_tools_garden,232,25096.28,5187.66,108.17,22.36,2.33,13.88,20.67
garden_tools,4268,470495.28,96650.4,110.24,22.65,2.81,18.47,20.54
fashion_bags_accessories,1985,149329.39,30558.9,75.23,15.39,0.38,3.72,20.46
stationery,2466,223788.69,45786.36,90.75,18.57,2.74,21.1,20.46
fashion_underwear_beach,127,9305.95,1854.07,73.28,14.6,0.28,3.77,19.92
fashion_male_clothing,125,10452.33,2062.62,83.62,16.5,0.59,8.33,19.73
bed_bath_table,10953,1023434.76,201774.5,93.44,18.42,2.12,16.61,19.72
industry_commerce_and_business,265,38498.81,7580.53,145.28,28.61,6.6,41.35,19.69
books_general_interest,537,45302.15,8880.39,84.36,16.54,0.74,4.86,19.6
market_place,305,27795.77,5318.61,91.13,17.44,1.09,9.89,19.13
construction_tools_lights,301,39957,7490.14,132.75,24.88,3.39,24.09,18.75
pet_shop,1924,211695.64,38918.56,110.03,20.23,2.91,20.75,18.38
home_appliances,754,78832.48,14469.3,104.55,19.19,1.93,13.73,18.35
sports_leisure,8431,954852.55,163404.36,113.25,19.38,1.71,13.37,17.11
home_construction,596,81407.57,13614.8,136.59,22.84,3.04,20.58,16.72
baby,2982,400421.84,66305.81,134.28,22.24,3.26,26.96,16.56
computers_accessories,7644,888724.61,143999.16,116.26,18.84,0.9,5.52,16.2
art,197,23657.3,3828.23,120.09,19.43,1.54,13.98,16.18
toys,4030,471286.48,75774.58,116.94,18.8,1.85,18.92,16.08
unlabeled,1537,170726.63,26969.06,111.08,17.55,1.66,11.76,15.8
auto,4140,578966.65,90488.1,139.85,21.86,2.6,18.09,15.63
home_confort,429,58008.45,8429.77,135.22,19.65,3.12,26.53,14.53
health_beauty,9465,1233131.72,178957.81,130.28,18.91,1.05,8.28,14.51
construction_tools_construction,916,142108.49,20273.52,155.14,22.13,3.1,13.13,14.27
perfumery,3340,390144.65,53026.98,116.81,15.88,0.48,4.9,13.59
cool_stuff,3718,610204.1,81476.79,164.12,21.91,2.54,21.11,13.35
consoles_games,1089,148003.37,19094.36,135.91,17.53,0.45,5.34,12.9
costruction_tools_tools,103,15903.95,2030.22,154.41,19.71,1.16,7.23,12.77
air_conditioning,289,53323.56,6530.99,184.51,22.6,4.09,24.55,12.25
audio,362,50570.6,5684.72,139.7,15.7,1.22,3.41,11.24
musical_instruments,651,184315.74,17871.38,283.13,27.45,3.13,23.48,9.7
construction_tools_safety,183,38773.22,3730.8,211.88,20.39,0.81,6.79,9.62
home_appliances_2,231,107953.95,10254.57,467.33,44.39,8.93,47.8,9.5
watches_gifts,5859,1166176.98,98156.14,199.04,16.75,0.58,2.85,8.42
