revenue_rank,category_name,total_item_sold,total_GMV,avg_item_price,GMV_share_pct,cumulative_top_GMV_Share_pct
1,health_beauty,9465,1233131.72,130.28,9.33,9.33
2,watches_gifts,5859,1166176.98,199.04,8.82,18.15
3,bed_bath_table,10953,1023434.76,93.44,7.74,25.89
4,sports_leisure,8431,954852.55,113.25,7.22,33.11
5,computers_accessories,7644,888724.61,116.26,6.72,39.83
6,furniture_decor,8160,711927.69,87.25,5.38,45.22
7,housewares,6795,615628.69,90.6,4.66,49.87
8,cool_stuff,3718,610204.1,164.12,4.62,54.49
9,auto,4140,578966.65,139.85,4.38,58.87
10,toys,4030,471286.48,116.94,3.56,62.43
11,garden_tools,4268,470495.28,110.24,3.56,65.99
12,baby,2982,400421.84,134.28,3.03,69.02
13,perfumery,3340,390144.65,116.81,2.95,71.97
14,telephony,4430,309860.23,69.95,2.34,74.31
15,office_furniture,1668,268154.31,160.76,2.03,76.34
16,stationery,2466,223788.69,90.75,1.69,78.03
17,computers,199,218684.14,1098.92,1.65,79.69
18,pet_shop,1924,211695.64,110.03,1.6,81.29
19,musical_instruments,651,184315.74,283.13,1.39,82.68
20,small_appliances,658,182754.12,277.74,1.38,84.06
21,unlabeled,1537,170726.63,111.08,1.29,85.36
22,electronics,2729,155043.93,56.81,1.17,86.53
23,fashion_bags_accessories,1985,149329.39,75.23,1.13,87.66
24,consoles_games,1089,148003.37,135.91,1.12,88.78
25,construction_tools_construction,916,142108.49,155.14,1.07,89.85
26,luggage_accessories,1077,138701.63,128.79,1.05,90.9
27,home_appliances_2,231,107953.95,467.33,0.82,91.72
28,home_construction,596,81407.57,136.59,0.62,92.33
29,home_appliances,754,78832.48,104.55,0.6,92.93
30,agro_industry_and_commerce,206,70566.1,342.55,0.53,93.46
31,furniture_living_room,495,67350.7,136.06,0.51,93.97
32,home_confort,429,58008.45,135.22,0.44,94.41
33,fixed_telephony,255,55315.21,216.92,0.42,94.83
34,air_conditioning,289,53323.56,184.51,0.4,95.23
35,audio,362,50570.6,139.7,0.38,95.62
36,small_appliances_home_oven_and_coffee,73,46589.56,638.21,0.35,95.97
37,kitchen_dining_laundry_garden_furniture,274,45531.98,166.18,0.34,96.31
38,books_general_interest,537,45302.15,84.36,0.34,96.66
39,construction_tools_lights,301,39957,132.75,0.3,96.96
40,construction_tools_safety,183,38773.22,211.88,0.29,97.25
41,industry_commerce_and_business,265,38498.81,145.28,0.29,97.54
42,food,499,28731.15,57.58,0.22,97.76
43,market_place,305,27795.77,91.13,0.21,97.97
44,costruction_tools_garden,232,25096.28,108.17,0.19,98.16
45,art,197,23657.3,120.09,0.18,98.34
46,fashion_shoes,257,23001.46,89.5,0.17,98.51
47,drinks,361,21529.84,59.64,0.16,98.68
48,signaling_and_security,197,21315.05,108.2,0.16,98.84
49,furniture_bedroom,103,19051.8,184.97,0.14,98.98
50,books_technical,263,18702.23,71.11,0.14,99.12
51,costruction_tools_tools,103,15903.95,154.41,0.12,99.24
52,food_drink,269,14942.88,55.55,0.11,99.36
53,fashion_male_clothing,125,10452.33,83.62,0.08,99.43
54,fashion_underwear_beach,127,9305.95,73.28,0.07,99.5
55,christmas_supplies,150,8737.84,58.25,0.07,99.57
56,tablets_printing_image,83,7528.41,90.7,0.06,99.63
57,cine_photo,70,6674.47,95.35,0.05,99.68
58,music,38,6034.35,158.8,0.05,99.72
59,dvds_blu_ray,61,4542.59,74.47,0.03,99.76
60,party_supplies,42,4465.19,106.31,0.03,99.79
61,books_imported,57,4418.86,77.52,0.03,99.83
62,furniture_mattress_and_upholstery,37,4323.38,116.85,0.03,99.86
63,portateis_cozinha_e_preparadores_de_alimentos,14,3933.63,280.97,0.03,99.89
64,fashio_female_clothing,45,2634.94,58.55,0.02,99.91
65,fashion_sport,29,2094.52,72.22,0.02,99.92
66,la_cuisine,14,2054.99,146.78,0.02,99.94
67,arts_and_craftmanship,24,1814.01,75.58,0.01,99.95
68,diapers_and_hygiene,37,1500.79,40.56,0.01,99.96
69,pc_gamer,8,1306.95,163.37,0.01,99.97
70,flowers,33,1110.04,33.64,0.01,99.98
71,home_comfort_2,30,760.27,25.34,0.01,99.99
72,cds_dvds_musicals,14,730,52.14,0.01,99.99
73,fashion_childrens_clothes,7,519.95,74.28,0,100
74,security_and_services,2,283.29,141.64,0,100
