seller_id,q1_total_items,q1_breaches,q2_total_items,q2_breaches,q2_direct_customer_delays
7c67e1448b00f6e969d365cea6b010ab,411,172,227,66,11
7d13fca15225358621be4086e1eb0964,125,19,361,65,14
06a2c3af7b3aee5d69171b0e14f0ee87,65,25,194,49,31
1025f0e2d44d7041d6cf58b6550e0bfa,274,32,450,45,11
2eb70248d66e0e3ef83659f71b244378,15,8,121,44,15
213b25e6f54661939f11710a6fddb871,21,9,94,35,5
4869f7a5dfa277a7dca6462dcf3b52b2,274,2,316,29,2
c70c1b0d8ca86052f45a432a38b73958,0,0,205,29,1
d2374cbcbb3ca4ab1086534108cc3ab7,101,14,89,19,0
e7d5b006eb624f13074497221eb37807,26,0,23,18,0
634964b17796e64304cadf1ad3050fb7,135,9,126,16,2
53e4c6e0f4312d4d2107a8c9cddf45cd,111,26,81,16,3
92eb0f42c21942b6552362b9b114707d,99,24,44,15,1
d91fb3b7d041e83b64a00a3edfb37e4f,91,12,161,15,8
c31eff8334d6b3047ed34bebd4d62c36,26,9,65,15,7
ea8482cd71df3c1969d7b9473ff13abc,489,37,254,14,0
b499c00f28f4b7069ff6550af8c1348a,45,3,54,14,0
db2956745b3a8e9f3785c99f34b5d25e,0,0,26,14,3
88460e8ebdecbfecb5f9601833981930,127,103,93,13,1
855668e0971d4dfd7bef1b6a4133b41b,64,15,43,12,1
e9bc59e7b60fc3063eb2290deda4cced,26,13,39,12,0
dd7ddc04e1b6c2c614352b383efe2d36,27,6,34,12,2
8444e55c1f13cd5c179851e5ca5ebd00,9,3,23,12,6
688756f717c462a206ad854c5027a64a,0,0,67,11,3
70c27847eca8195c983ed7e798c56743,0,0,50,10,3
ef0ace09169ac090589d85746e3e036f,53,3,61,10,2
1c129092bf23f28a5930387c980c0dfc,81,11,35,9,0
fa1c13f2614d7b5c4749cbc52fecda94,115,9,109,8,1
da8622b14eb17ae2831f4ac5b9dab84a,417,6,348,8,0
4d6d651bd7684af3fffabd5f08d12e5a,138,19,61,8,0
4a3ca9315b744ce9f8e9374361493884,343,27,260,8,0
17a053fcb14bd219540cbde0df490be0,34,7,52,8,2
54965bbe3e4f07ae045b90b0b8541f52,0,0,24,8,0
3d871de0142ce09b7081e2b9d1733cb1,282,62,123,7,0
955fee9216a65b617aa5c0531780ce60,515,1,602,7,0
620c87c171fb2a6dd6e8bb4dec959fc6,213,6,113,7,2
4c2b230173bb36f9b240f2b8ac11786e,90,39,25,7,1
0241d4d5d36f10f80c644447315af0bd,73,0,83,7,1
c60b801f2d52c7f7f91de00870882a75,8,5,20,7,2
fcb5ace8bcc92f75707dc0f01a27d269,15,0,23,6,0
b1fc4f64df5a0e8b6913ab38803c57a9,37,13,22,6,0
5058e8c1e82653974541e83690655b4a,27,7,22,6,0
744dac408745240a2c2528fb1b6028f3,9,0,20,6,1
79ebd9a61bac3eaf882805ed4ecfa12a,47,18,31,6,0
8b321bb669392f5163d04c59e235e066,509,38,277,5,0
7681ef142fd2c19048da7430856b5588,10,0,51,5,0
f46490624488d3ff7ce78613913a7711,0,0,40,5,1
b2ba3715d723d245138f291a6fe42594,76,28,36,5,0
f8db351d8c4c4c22c6835c19a46f01b0,80,0,126,5,0
056b4ada5bbc2c50cc7842547dda6b51,8,0,31,5,1
