breached_ranks,seller_id,total_item,breached_items,direct_customer_delays,breach_items_pct
1,7c67e1448b00f6e969d365cea6b010ab,411,172,26,41.85
2,88460e8ebdecbfecb5f9601833981930,127,103,48,81.10
3,1f50f920176fa81dab994f9023523100,418,102,15,24.40
4,3d871de0142ce09b7081e2b9d1733cb1,282,62,8,21.99
5,8e6d7754bc7e0f22c96d255ebda59eba,126,60,13,47.62
6,1ca7077d890b907f89be8c954a02686a,68,45,14,66.18
7,4c2b230173bb36f9b240f2b8ac11786e,90,39,7,43.33
8,8b321bb669392f5163d04c59e235e066,509,38,7,7.47
9,ea8482cd71df3c1969d7b9473ff13abc,489,37,13,7.57
10,1025f0e2d44d7041d6cf58b6550e0bfa,274,32,8,11.68
